rank,candidate_id
1,CH-GL8L0I
2,CH-G7CLOL
3,CH-FQOJOB
4,CH-C2X2HB
5,CH-A6HJWF
6,CH-JE4G04
7,CH-ZHDFRW
8,CH-LH3I14
9,CH-51OVXE
10,CH-58907A
11,CH-NOMW3M
12,CH-K3HV6O
13,CH-PIQWDL
14,CH-N84T3M
15,CH-ALZASI
16,CH-8X6FOY
17,CH-QAYHZV
18,CH-MB8GJ6
19,CH-PYHQB8
20,CH-YGJQAA
21,CH-OIHLML
22,CH-U73R8O
23,CH-J9ZOYV
24,CH-2PWT88
25,CH-N4LUID
26,CH-2W4599
27,CH-ZLFUPR
28,CH-MPI5T7
29,CH-RXVJSE
30,CH-U14FCL
31,CH-6HCGM5
32,CH-I7DIH1
33,CH-SE37XM
34,CH-KY74EN
35,CH-6EYP2T
36,CH-42NLS7
37,CH-MO53JB
38,CH-T9VE72
39,CH-9FTBE3
40,CH-H4DLOV
41,CH-TGZIDK
42,CH-RGIKLJ
43,CH-4CC9HS
44,CH-LZ1CJL
45,CH-MY1TSN
46,CH-ZTJEEW
47,CH-IJIGO4
48,CH-EQU8US
49,CH-LVJYZC
50,CH-TOTSMX
51,CH-PEH5UJ
52,CH-MK94LD
53,CH-2OA5JX
54,CH-I6F1SI
55,CH-3UPMW9
56,CH-20BYU9
57,CH-EM6AJM
58,CH-H0R9QO
59,CH-RF6M9H
60,CH-0QTDRE
61,CH-VO1325
62,CH-7Z3EEK
63,CH-S29BXR
64,CH-DLSUFO
65,CH-9AOTOU
66,CH-7HTSIL
67,CH-Y0QZDG
68,CH-92LAYY
69,CH-UGWTEH
70,CH-MK30GH
71,CH-Z1S8ON
72,CH-83QNLM
73,CH-ZAA38A
74,CH-O4SS19
75,CH-BWT7LH
76,CH-VGAU08
77,CH-NRDNPN
78,CH-DWNIHP
79,CH-NJ4PQP
80,CH-M2JT9I
81,CH-W63200
82,CH-45J4NM
83,CH-ID0LLW
84,CH-M3GVM0
85,CH-V3WVRU
86,CH-B2I22H
87,CH-SWTX72
88,CH-1ZVOWQ
89,CH-XP4PM7
90,CH-FGMJ8J
91,CH-OHR4WG
92,CH-VQRBXN
93,CH-QOGWJ0
94,CH-NISAIM
95,CH-LZNF6D
96,CH-7I5B6Q
97,CH-RNQ13Z
98,CH-KHX4FF
99,CH-E3CXEK
100,CH-7L9BBG
101,CH-OZATC4
102,CH-97P5ZA
103,CH-ALDR01
104,CH-IOYBV8
105,CH-MYX94C
106,CH-IFVM1N
107,CH-4J4J1H
108,CH-5SN240
109,CH-BLMZLZ
110,CH-0IFNI1
111,CH-BER0JY
112,CH-MJIIH3
113,CH-54PD24
114,CH-H8P5A4
115,CH-QPIYUA
116,CH-43Z295
117,CH-25KU8K
118,CH-D5QEZ1
119,CH-FVY1UO
120,CH-20SG1N
121,CH-RTQLG7
122,CH-GFIQ2C
123,CH-0W1USG
124,CH-GDUY93
125,CH-STUZOP
126,CH-QAMJ7N
127,CH-CAHVXS
128,CH-TH1E3I
129,CH-4MA530
130,CH-YUJLGL
131,CH-JHG452
132,CH-VMINLE
133,CH-U5J53B
134,CH-HFNXG3
135,CH-8OI1HC
136,CH-FXJYMV
137,CH-TADMF9
138,CH-QZRJM4
139,CH-86B4JV
140,CH-JLGWVF
141,CH-481MRM
142,CH-HY3LNV
143,CH-TVZ8EL
144,CH-IKN6IZ
145,CH-VR40EH
146,CH-MGO0Z9
147,CH-U5LROA
148,CH-M5QW8N
149,CH-LN9PQ0
150,CH-WJZNVV
151,CH-HXFDR6
152,CH-Y9LLEY
153,CH-AQCT8B
154,CH-YPJB3Y
155,CH-V6EOG6
156,CH-MGAEZW
157,CH-AV0EVH
158,CH-LWUN88
159,CH-4SIVNC
160,CH-2TJNBK
161,CH-QWQ7HI
162,CH-TJ5UXF
163,CH-4I71DB
164,CH-CWJ24W
165,CH-RZSAQT
166,CH-Y9UCUH
167,CH-GHPNRI
168,CH-LRA3V6
169,CH-AIFNZI
170,CH-7XY69B
171,CH-JJ86Q7
172,CH-OY9QWV
173,CH-FFRR0Q
174,CH-1T0WU5
175,CH-U9Y0PU
176,CH-B32MT8
177,CH-ACRFXE
178,CH-DMGT0P
179,CH-K2AAOZ
180,CH-GEKXOS
181,CH-0MVO7L
182,CH-65C8G1
183,CH-0LSZLU
184,CH-C8OF5S
185,CH-X40SAT
186,CH-ANEAOL
187,CH-MON242
188,CH-ANEG2Y
189,CH-XJ2AKT
190,CH-X3SSXA
191,CH-DE2WHO
192,CH-2JJ9Q8
193,CH-BXPRCP
194,CH-W40G26
195,CH-IMUTGE
196,CH-O8AJER
197,CH-ZPBOBD
198,CH-L34TP5
199,CH-77IBVR
200,CH-FMV2D5
201,CH-9T584W
202,CH-W35UXR
203,CH-O8A7CX
204,CH-TEQETY
205,CH-P2PR2A
206,CH-KUJSCS
207,CH-57OTR2
208,CH-KT06SN
209,CH-94V4Z5
210,CH-MJLRQ9
211,CH-W12LYG
212,CH-1ANI8N
213,CH-IHZKC7
214,CH-0WQ2KK
215,CH-CZSSR1
216,CH-9Y2FZN
217,CH-SJBS8O
218,CH-V1W2LP
219,CH-0WXEGX
220,CH-JUGZIP
221,CH-YCDW4X
222,CH-OFRLTH
223,CH-42Z7AA
224,CH-A86J07
225,CH-RBPTQ0
226,CH-S8FSH7
227,CH-LUV6PW
228,CH-9TIGDG
229,CH-995E3Q
230,CH-X5MJPW
231,CH-KYFYNX
232,CH-17WCTV
233,CH-69YLFB
234,CH-M3UKC1
235,CH-L7M6MJ
236,CH-XTJ3WB
237,CH-EEX74N
238,CH-O5QNFY
239,CH-WEL9EX
240,CH-NIHWLW
241,CH-0D3BST
242,CH-V8GJM4
243,CH-5F340C
244,CH-EGGTQA
245,CH-SBI1Z5
246,CH-Q3VIWM
247,CH-WRHR61
248,CH-4OYPCI
249,CH-QOCBQP
250,CH-A0GZ54
251,CH-5NOX67
252,CH-AHJ6AZ
253,CH-PGYWUN
254,CH-AKBULY
255,CH-BWRLT3
256,CH-K5WXKA
257,CH-YXVRO0
258,CH-J6D1NE
259,CH-URKNJK
260,CH-9QWUNL
261,CH-V64DW2
262,CH-5YY1ZS
263,CH-9NVS95
264,CH-4X6HBV
265,CH-UF75LS
266,CH-ZC0DT5
267,CH-2P86G7
268,CH-4ZGV8O
269,CH-IDBT28
270,CH-T45Q6Q
271,CH-G0LGQ4
272,CH-H2DFR3
273,CH-745SSD
274,CH-STS16H
275,CH-13NCBR
276,CH-TV5VDN
277,CH-E5RPRH
278,CH-JU3WCI
279,CH-GEGIZJ
280,CH-D7F3QH
281,CH-0W3ZRJ
282,CH-Z5498Q
283,CH-TDESBE
284,CH-3T06X9
285,CH-SB1MQ0
286,CH-9V9JP1
287,CH-K0NCAF
288,CH-F2RP96
289,CH-H4742B
290,CH-F4BS8Z
291,CH-FRW2OR
292,CH-U4IGOP
293,CH-WBN0KI
294,CH-RN06DK
295,CH-8NL63W
296,CH-RE9N9H
297,CH-W3226Y
298,CH-SOB5S3
299,CH-PKTWGD
300,CH-LATPSA
301,CH-ACGUPL
302,CH-ACS6OT
303,CH-C1QN1W
304,CH-L1TOS0
305,CH-13G62O
306,CH-B2MMSW
307,CH-HK1E4V
308,CH-OQMSZW
309,CH-2JQ5SH
310,CH-K75L7E
311,CH-XTC8DM
312,CH-P80LL7
313,CH-OVIHBT
314,CH-99J451
315,CH-3UMXQD
316,CH-9K96Q9
317,CH-B5K9SD
318,CH-QNQAR0
319,CH-IG0Q7T
320,CH-4780JZ
321,CH-SDAKKF
322,CH-QEV3KN
323,CH-MGB5N7
324,CH-176ODU
325,CH-3F6PGT
326,CH-D2JV6A
327,CH-GVGJ9A
328,CH-WTB454
329,CH-4OLF5L
330,CH-87A0UC
331,CH-NOWWFE
332,CH-LKMQ0H
333,CH-0O3FNE
334,CH-HWIX24
335,CH-8Y8MRE
336,CH-TWHK3T
337,CH-03H83Z
338,CH-JLFHN2
339,CH-QQZQYD
340,CH-OARKE1
341,CH-5TI4AG
342,CH-YEQLBC
343,CH-MBT11N
344,CH-VSOZZT
345,CH-VHYKEB
346,CH-CSMMNR
347,CH-LIKZXS
348,CH-MYW546
349,CH-T6YRYN
350,CH-X8W93H
351,CH-EXPUXM
352,CH-6JZ5F5
353,CH-D07FE6
354,CH-R7B6Y4
355,CH-AZXGQ7
356,CH-08XR2B
357,CH-677KLJ
358,CH-U842QK
359,CH-DQ85LN
360,CH-QS6FC4
361,CH-0PPHW1
362,CH-MSJ36K
363,CH-TDXCRW
364,CH-N78HC4
365,CH-MWIDG3
366,CH-3LAXA6
367,CH-CBEPPQ
368,CH-PFVPOI
369,CH-SAQONG
370,CH-UW12D6
371,CH-IZZUBN
372,CH-46C9LF
373,CH-RW0P29
374,CH-PI5NYA
375,CH-NAYFGU
376,CH-85U38K
377,CH-QV6CAI
378,CH-5KDYV4
379,CH-CWDRXV
380,CH-X41NXR
381,CH-FFAIB8
382,CH-21426O
383,CH-4HLG29
384,CH-TDQU6Y
385,CH-96S5QQ
386,CH-1ZYNGH
387,CH-P7Q99F
388,CH-EQ2IB5
389,CH-KB91KP
390,CH-9KV2TW
391,CH-QNRJGM
392,CH-WQ3WW7
393,CH-085WNA
394,CH-HYZLES
395,CH-W315G0
396,CH-S7UAHO
397,CH-IJ7PP2
398,CH-T4SK8K
399,CH-DFJB7Z
400,CH-C1P7Z9
401,CH-BDC6L0
402,CH-JCN2GF
403,CH-PWT6DM
404,CH-MF1MPQ
405,CH-SUACYH
406,CH-0V993R
407,CH-KB0CZU
408,CH-ZFB0BO
409,CH-7C6MBN
410,CH-DW5KV8
411,CH-PMK1AZ
412,CH-6HRZEN
413,CH-4C53CP
414,CH-M8B4OB
415,CH-N1T2UJ
416,CH-RLSSB0
417,CH-90OK7V
418,CH-HFO501
419,CH-YR6UOY
420,CH-CQZWCS
421,CH-0DWDF3
422,CH-A32V5N
423,CH-7Q19FO
424,CH-RIB9KZ
425,CH-28C8SD
426,CH-KH9GA7
427,CH-9Y9HOP
428,CH-B9LKVN
429,CH-RUKPQY
430,CH-DN53A6
431,CH-TVGD1P
432,CH-SG4N0A
433,CH-CIKPWY
434,CH-G1QL92
435,CH-SX3Q9K
436,CH-CM0PHS
437,CH-M1KH7B
438,CH-5WBYRP
439,CH-UFJ0R0
440,CH-IIOQLM
441,CH-Z5REJI
442,CH-LXNBAK
443,CH-B04FBF
444,CH-E1LO1Q
445,CH-DL0XM5
446,CH-TF1PZP
447,CH-G2XBAX
448,CH-7NZKEX
449,CH-MUTL3U
450,CH-GP85KH
451,CH-RJV6PR
452,CH-1ERNG7
453,CH-OEV8OI
454,CH-HR09RX
455,CH-C1QRXL
456,CH-WJT0ZY
457,CH-CQ00V0
458,CH-ZLE90E
459,CH-MWG0NB
460,CH-W1IFKT
461,CH-EQKZDQ
462,CH-4X36KD
463,CH-Q6C1EW
464,CH-71MFD8
465,CH-HEXLYT
466,CH-8FMSBP
467,CH-OGEK05
468,CH-VFVWU5
469,CH-FE4I5Z
470,CH-OMQUUQ
471,CH-BNBBW0
472,CH-YH48FO
473,CH-0KJRWO
474,CH-ELN43V
475,CH-1SZAVL
476,CH-K1311J
477,CH-Z2J7MP
478,CH-M2LG7F
479,CH-JJQ7QV
480,CH-U0BZJ9
481,CH-W5WZ2P
482,CH-C1KZ4V
483,CH-EKQXLG
484,CH-QTJXQV
485,CH-7BPP3I
486,CH-6LFI94
487,CH-XXWPG3
488,CH-XXV4LM
489,CH-ZIWT64
490,CH-ODBL4Y
491,CH-2ZTXVN
492,CH-6TMFAQ
493,CH-3Z21WG
494,CH-OY5QBH
495,CH-9A1TEV
496,CH-W1YZ35
497,CH-VQ7QGL
498,CH-UYC8EQ
499,CH-NRT68C
500,CH-88DLIM
